{
  "scale": "Micro",
  "total_duration": 48477.0,
  "total_bytes": 78000,
  "mean_rps": 24754.00705489201,
  "mean": 40.3975,
  "median": 38.0,
  "quartile_fst": 32.0,
  "quartile_trd": 46.0,
  "min": 21.0,
  "max": 242.0,
  "std": 15.148786481427594,
  "n_ok": 1200,
  "n_errors": 0,
  "stats_by_thread": {
    "0": {
      "total_bytes": 19500,
      "n_ok": 300,
      "n_errors": 0,
      "total_duration": 12113.0,
      "mean": 40.376666666666665,
      "max": 226.0,
      "min": 23.0,
      "std": 14.580698822394863
    },
    "2": {
      "total_bytes": 19500,
      "n_ok": 300,
      "n_errors": 0,
      "total_duration": 12282.0,
      "mean": 40.94,
      "max": 226.0,
      "min": 21.0,
      "std": 15.21626923717925
    },
    "3": {
      "total_bytes": 19500,
      "n_ok": 300,
      "n_errors": 0,
      "total_duration": 12197.0,
      "mean": 40.656666666666666,
      "max": 242.0,
      "min": 23.0,
      "std": 15.503331896354327
    },
    "1": {
      "total_bytes": 19500,
      "n_ok": 300,
      "n_errors": 0,
      "total_duration": 11885.0,
      "mean": 39.61666666666667,
      "max": 224.0,
      "min": 23.0,
      "std": 15.322717594162512
    }
  },
  "display_percentiles": [
    [
      1.0,
      23.5
    ],
    [
      5.0,
      27.0
    ],
    [
      10.0,
      29.0
    ],
    [
      20.0,
      31.0
    ],
    [
      30.0,
      33.0
    ],
    [
      40.0,
      35.0
    ],
    [
      50.0,
      38.0
    ],
    [
      60.0,
      41.0
    ],
    [
      70.0,
      44.0
    ],
    [
      80.0,
      49.0
    ],
    [
      90.0,
      54.0
    ],
    [
      95.0,
      59.0
    ],
    [
      99.0,
      69.0
    ]
  ],
  "qq_percentiles": [
    [
      0.8333333333333334,
      23.0
    ],
    [
      1.6666666666666667,
      24.0
    ],
    [
      2.5,
      25.0
    ],
    [
      3.3333333333333335,
      26.0
    ],
    [
      4.166666666666667,
      26.0
    ],
    [
      5.0,
      27.0
    ],
    [
      5.833333333333333,
      27.0
    ],
    [
      6.666666666666667,
      27.0
    ],
    [
      7.5,
      28.0
    ],
    [
      8.333333333333334,
      28.0
    ],
    [
      9.166666666666666,
      28.0
    ],
    [
      10.0,
      29.0
    ],
    [
      10.833333333333334,
      29.0
    ],
    [
      11.666666666666666,
      29.0
    ],
    [
      12.5,
      29.0
    ],
    [
      13.333333333333334,
      29.0
    ],
    [
      14.166666666666666,
      30.0
    ],
    [
      15.0,
      30.0
    ],
    [
      15.833333333333334,
      30.0
    ],
    [
      16.666666666666668,
      30.0
    ],
    [
      17.5,
      30.0
    ],
    [
      18.333333333333332,
      30.0
    ],
    [
      19.166666666666668,
      31.0
    ],
    [
      20.0,
      31.0
    ],
    [
      20.833333333333332,
      31.0
    ],
    [
      21.666666666666668,
      31.0
    ],
    [
      22.5,
      31.0
    ],
    [
      23.333333333333332,
      31.0
    ],
    [
      24.166666666666668,
      32.0
    ],
    [
      25.0,
      32.0
    ],
    [
      25.833333333333332,
      32.0
    ],
    [
      26.666666666666668,
      32.0
    ],
    [
      27.5,
      32.0
    ],
    [
      28.333333333333332,
      32.0
    ],
    [
      29.166666666666668,
      32.0
    ],
    [
      30.0,
      33.0
    ],
    [
      30.833333333333332,
      33.0
    ],
    [
      31.666666666666668,
      33.0
    ],
    [
      32.5,
      33.0
    ],
    [
      33.333333333333336,
      33.0
    ],
    [
      34.166666666666664,
      34.0
    ],
    [
      35.0,
      34.0
    ],
    [
      35.833333333333336,
      34.0
    ],
    [
      36.666666666666664,
      34.0
    ],
    [
      37.5,
      34.0
    ],
    [
      38.333333333333336,
      35.0
    ],
    [
      39.166666666666664,
      35.0
    ],
    [
      40.0,
      35.0
    ],
    [
      40.833333333333336,
      35.0
    ],
    [
      41.666666666666664,
      36.0
    ],
    [
      42.5,
      36.0
    ],
    [
      43.333333333333336,
      36.0
    ],
    [
      44.166666666666664,
      36.0
    ],
    [
      45.0,
      37.0
    ],
    [
      45.833333333333336,
      37.0
    ],
    [
      46.666666666666664,
      37.0
    ],
    [
      47.5,
      37.0
    ],
    [
      48.333333333333336,
      37.0
    ],
    [
      49.166666666666664,
      38.0
    ],
    [
      50.0,
      38.0
    ],
    [
      50.833333333333336,
      38.0
    ],
    [
      51.666666666666664,
      38.0
    ],
    [
      52.5,
      39.0
    ],
    [
      53.333333333333336,
      39.0
    ],
    [
      54.166666666666664,
      39.0
    ],
    [
      55.0,
      39.0
    ],
    [
      55.833333333333336,
      40.0
    ],
    [
      56.666666666666664,
      40.0
    ],
    [
      57.5,
      40.0
    ],
    [
      58.333333333333336,
      40.0
    ],
    [
      59.166666666666664,
      41.0
    ],
    [
      60.0,
      41.0
    ],
    [
      60.833333333333336,
      41.0
    ],
    [
      61.666666666666664,
      41.0
    ],
    [
      62.5,
      41.5
    ],
    [
      63.333333333333336,
      42.0
    ],
    [
      64.16666666666667,
      42.0
    ],
    [
      65.0,
      42.0
    ],
    [
      65.83333333333333,
      43.0
    ],
    [
      66.66666666666667,
      43.0
    ],
    [
      67.5,
      43.0
    ],
    [
      68.33333333333333,
      43.0
    ],
    [
      69.16666666666667,
      44.0
    ],
    [
      70.0,
      44.0
    ],
    [
      70.83333333333333,
      44.0
    ],
    [
      71.66666666666667,
      45.0
    ],
    [
      72.5,
      45.0
    ],
    [
      73.33333333333333,
      45.0
    ],
    [
      74.16666666666667,
      46.0
    ],
    [
      75.0,
      46.0
    ],
    [
      75.83333333333333,
      46.5
    ],
    [
      76.66666666666667,
      47.0
    ],
    [
      77.5,
      47.0
    ],
    [
      78.33333333333333,
      48.0
    ],
    [
      79.16666666666667,
      48.0
    ],
    [
      80.0,
      49.0
    ],
    [
      80.83333333333333,
      49.0
    ],
    [
      81.66666666666667,
      49.0
    ],
    [
      82.5,
      50.0
    ],
    [
      83.33333333333333,
      50.0
    ],
    [
      84.16666666666667,
      51.0
    ],
    [
      85.0,
      51.0
    ],
    [
      85.83333333333333,
      51.0
    ],
    [
      86.66666666666667,
      52.0
    ],
    [
      87.5,
      53.0
    ],
    [
      88.33333333333333,
      53.0
    ],
    [
      89.16666666666667,
      53.0
    ],
    [
      90.0,
      54.0
    ],
    [
      90.83333333333333,
      55.0
    ],
    [
      91.66666666666667,
      56.0
    ],
    [
      92.5,
      57.0
    ],
    [
      93.33333333333333,
      57.0
    ],
    [
      94.16666666666667,
      58.0
    ],
    [
      95.0,
      59.0
    ],
    [
      95.83333333333333,
      60.5
    ],
    [
      96.66666666666667,
      62.0
    ],
    [
      97.5,
      64.0
    ],
    [
      98.33333333333333,
      66.0
    ],
    [
      99.16666666666667,
      69.5
    ]
  ]
}