{
  "scale": "Micro",
  "total_duration": 12184625.0,
  "total_bytes": 78000,
  "mean": 10153.854166666666,
  "median": 10144.0,
  "quartile_fst": 10128.0,
  "quartile_trd": 10162.0,
  "min": 10062.0,
  "max": 10567.0,
  "std": 50.1427609900503,
  "n_ok": 1200,
  "n_errors": 0,
  "stats_by_thread": {
    "0": {
      "total_bytes": 19500,
      "n_ok": 300,
      "n_errors": 0,
      "total_duration": 3046074.0,
      "mean": 10153.58,
      "max": 10366.0,
      "min": 10062.0,
      "std": 31.400481431240994
    },
    "1": {
      "total_bytes": 19500,
      "n_ok": 300,
      "n_errors": 0,
      "total_duration": 3046133.0,
      "mean": 10153.776666666667,
      "max": 10545.0,
      "min": 10094.0,
      "std": 47.44854761872037
    },
    "2": {
      "total_bytes": 19500,
      "n_ok": 300,
      "n_errors": 0,
      "total_duration": 3046234.0,
      "mean": 10154.113333333333,
      "max": 10567.0,
      "min": 10092.0,
      "std": 62.13912932713173
    },
    "3": {
      "total_bytes": 19500,
      "n_ok": 300,
      "n_errors": 0,
      "total_duration": 3046184.0,
      "mean": 10153.946666666667,
      "max": 10554.0,
      "min": 10097.0,
      "std": 54.62260752715651
    }
  },
  "display_percentiles": [
    [
      1.0,
      10101.0
    ],
    [
      5.0,
      10111.0
    ],
    [
      10.0,
      10117.0
    ],
    [
      20.0,
      10126.0
    ],
    [
      30.0,
      10132.0
    ],
    [
      40.0,
      10138.0
    ],
    [
      50.0,
      10144.0
    ],
    [
      60.0,
      10152.0
    ],
    [
      70.0,
      10158.0
    ],
    [
      80.0,
      10168.0
    ],
    [
      90.0,
      10192.0
    ],
    [
      95.0,
      10222.5
    ],
    [
      99.0,
      10401.0
    ]
  ],
  "qq_percentiles": [
    [
      0.8333333333333334,
      10101.0
    ],
    [
      1.6666666666666667,
      10102.0
    ],
    [
      2.5,
      10104.0
    ],
    [
      3.3333333333333335,
      10106.0
    ],
    [
      4.166666666666667,
      10108.5
    ],
    [
      5.0,
      10111.0
    ],
    [
      5.833333333333333,
      10112.0
    ],
    [
      6.666666666666667,
      10113.0
    ],
    [
      7.5,
      10114.5
    ],
    [
      8.333333333333334,
      10115.0
    ],
    [
      9.166666666666666,
      10116.0
    ],
    [
      10.0,
      10117.0
    ],
    [
      10.833333333333334,
      10118.0
    ],
    [
      11.666666666666666,
      10119.0
    ],
    [
      12.5,
      10119.0
    ],
    [
      13.333333333333334,
      10120.0
    ],
    [
      14.166666666666666,
      10121.0
    ],
    [
      15.0,
      10122.0
    ],
    [
      15.833333333333334,
      10123.0
    ],
    [
      16.666666666666668,
      10123.0
    ],
    [
      17.5,
      10124.0
    ],
    [
      18.333333333333332,
      10124.0
    ],
    [
      19.166666666666668,
      10125.0
    ],
    [
      20.0,
      10126.0
    ],
    [
      20.833333333333332,
      10126.0
    ],
    [
      21.666666666666668,
      10127.0
    ],
    [
      22.5,
      10127.0
    ],
    [
      23.333333333333332,
      10127.0
    ],
    [
      24.166666666666668,
      10128.0
    ],
    [
      25.0,
      10128.0
    ],
    [
      25.833333333333332,
      10129.0
    ],
    [
      26.666666666666668,
      10129.0
    ],
    [
      27.5,
      10130.0
    ],
    [
      28.333333333333332,
      10130.0
    ],
    [
      29.166666666666668,
      10131.0
    ],
    [
      30.0,
      10132.0
    ],
    [
      30.833333333333332,
      10132.0
    ],
    [
      31.666666666666668,
      10133.0
    ],
    [
      32.5,
      10133.0
    ],
    [
      33.333333333333336,
      10134.0
    ],
    [
      34.166666666666664,
      10134.0
    ],
    [
      35.0,
      10135.0
    ],
    [
      35.833333333333336,
      10136.0
    ],
    [
      36.666666666666664,
      10136.0
    ],
    [
      37.5,
      10137.0
    ],
    [
      38.333333333333336,
      10137.0
    ],
    [
      39.166666666666664,
      10137.0
    ],
    [
      40.0,
      10138.0
    ],
    [
      40.833333333333336,
      10138.0
    ],
    [
      41.666666666666664,
      10139.0
    ],
    [
      42.5,
      10140.0
    ],
    [
      43.333333333333336,
      10140.0
    ],
    [
      44.166666666666664,
      10140.5
    ],
    [
      45.0,
      10141.0
    ],
    [
      45.833333333333336,
      10141.5
    ],
    [
      46.666666666666664,
      10142.0
    ],
    [
      47.5,
      10142.5
    ],
    [
      48.333333333333336,
      10143.0
    ],
    [
      49.166666666666664,
      10144.0
    ],
    [
      50.0,
      10144.0
    ],
    [
      50.833333333333336,
      10145.0
    ],
    [
      51.666666666666664,
      10146.0
    ],
    [
      52.5,
      10147.0
    ],
    [
      53.333333333333336,
      10147.0
    ],
    [
      54.166666666666664,
      10148.0
    ],
    [
      55.0,
      10148.5
    ],
    [
      55.833333333333336,
      10149.0
    ],
    [
      56.666666666666664,
      10150.0
    ],
    [
      57.5,
      10150.0
    ],
    [
      58.333333333333336,
      10151.0
    ],
    [
      59.166666666666664,
      10151.0
    ],
    [
      60.0,
      10152.0
    ],
    [
      60.833333333333336,
      10152.0
    ],
    [
      61.666666666666664,
      10153.0
    ],
    [
      62.5,
      10153.0
    ],
    [
      63.333333333333336,
      10153.0
    ],
    [
      64.16666666666667,
      10154.0
    ],
    [
      65.0,
      10154.0
    ],
    [
      65.83333333333333,
      10155.0
    ],
    [
      66.66666666666667,
      10155.0
    ],
    [
      67.5,
      10156.0
    ],
    [
      68.33333333333333,
      10157.0
    ],
    [
      69.16666666666667,
      10158.0
    ],
    [
      70.0,
      10158.0
    ],
    [
      70.83333333333333,
      10159.0
    ],
    [
      71.66666666666667,
      10159.0
    ],
    [
      72.5,
      10160.0
    ],
    [
      73.33333333333333,
      10160.0
    ],
    [
      74.16666666666667,
      10161.0
    ],
    [
      75.0,
      10162.0
    ],
    [
      75.83333333333333,
      10163.0
    ],
    [
      76.66666666666667,
      10165.0
    ],
    [
      77.5,
      10165.5
    ],
    [
      78.33333333333333,
      10167.0
    ],
    [
      79.16666666666667,
      10167.0
    ],
    [
      80.0,
      10168.0
    ],
    [
      80.83333333333333,
      10169.0
    ],
    [
      81.66666666666667,
      10170.0
    ],
    [
      82.5,
      10171.0
    ],
    [
      83.33333333333333,
      10173.0
    ],
    [
      84.16666666666667,
      10174.0
    ],
    [
      85.0,
      10175.0
    ],
    [
      85.83333333333333,
      10177.0
    ],
    [
      86.66666666666667,
      10178.5
    ],
    [
      87.5,
      10181.0
    ],
    [
      88.33333333333333,
      10184.0
    ],
    [
      89.16666666666667,
      10188.0
    ],
    [
      90.0,
      10192.0
    ],
    [
      90.83333333333333,
      10196.0
    ],
    [
      91.66666666666667,
      10198.5
    ],
    [
      92.5,
      10201.0
    ],
    [
      93.33333333333333,
      10206.0
    ],
    [
      94.16666666666667,
      10210.5
    ],
    [
      95.0,
      10222.5
    ],
    [
      95.83333333333333,
      10232.5
    ],
    [
      96.66666666666667,
      10240.0
    ],
    [
      97.5,
      10277.0
    ],
    [
      98.33333333333333,
      10356.5
    ],
    [
      99.16666666666667,
      10418.0
    ]
  ]
}