{
  "scale": "Micro",
  "total_duration": 794041.0,
  "total_bytes": 78000,
  "mean": 661.7008333333333,
  "median": 647.0,
  "quartile_fst": 606.0,
  "quartile_trd": 704.0,
  "min": 180.0,
  "max": 1291.0,
  "std": 84.14724990142113,
  "n_ok": 1200,
  "n_errors": 0,
  "stats_by_thread": {
    "2": {
      "total_bytes": 19500,
      "n_ok": 300,
      "n_errors": 0,
      "total_duration": 198504.0,
      "mean": 661.68,
      "max": 1158.0,
      "min": 515.0,
      "std": 83.16580386994006
    },
    "1": {
      "total_bytes": 19500,
      "n_ok": 300,
      "n_errors": 0,
      "total_duration": 198429.0,
      "mean": 661.43,
      "max": 1291.0,
      "min": 449.0,
      "std": 87.07026913169999
    },
    "3": {
      "total_bytes": 19500,
      "n_ok": 300,
      "n_errors": 0,
      "total_duration": 198756.0,
      "mean": 662.52,
      "max": 1151.0,
      "min": 519.0,
      "std": 80.54843015230028
    },
    "0": {
      "total_bytes": 19500,
      "n_ok": 300,
      "n_errors": 0,
      "total_duration": 198352.0,
      "mean": 661.1733333333333,
      "max": 1219.0,
      "min": 180.0,
      "std": 85.65152239679625
    }
  },
  "percentiles": [
    [
      1.0,
      530.5
    ],
    [
      5.0,
      560.0
    ],
    [
      10.0,
      576.5
    ],
    [
      20.0,
      597.0
    ],
    [
      30.0,
      614.0
    ],
    [
      40.0,
      631.0
    ],
    [
      50.0,
      647.0
    ],
    [
      60.0,
      666.0
    ],
    [
      70.0,
      690.0
    ],
    [
      80.0,
      717.0
    ],
    [
      90.0,
      759.0
    ],
    [
      95.0,
      804.0
    ],
    [
      99.0,
      919.0
    ]
  ]
}