{
  "scale": "Micro",
  "total_duration": 1357926.0,
  "total_bytes": 78000,
  "mean": 1131.605,
  "median": 1143.0,
  "quartile_fst": 1066.0,
  "quartile_trd": 1160.0,
  "min": 707.0,
  "max": 2557.0,
  "std": 98.0663668559885,
  "n_ok": 1200,
  "n_errors": 0,
  "stats_by_thread": {
    "0": {
      "total_bytes": 19500,
      "n_ok": 300,
      "n_errors": 0,
      "total_duration": 339408.0,
      "mean": 1131.36,
      "max": 2557.0,
      "min": 707.0,
      "std": 107.36251859936971
    },
    "3": {
      "total_bytes": 19500,
      "n_ok": 300,
      "n_errors": 0,
      "total_duration": 339793.0,
      "mean": 1132.6433333333334,
      "max": 2181.0,
      "min": 894.0,
      "std": 93.21120885148717
    },
    "1": {
      "total_bytes": 19500,
      "n_ok": 300,
      "n_errors": 0,
      "total_duration": 339729.0,
      "mean": 1132.43,
      "max": 2163.0,
      "min": 880.0,
      "std": 92.57518620019084
    },
    "2": {
      "total_bytes": 19500,
      "n_ok": 300,
      "n_errors": 0,
      "total_duration": 338996.0,
      "mean": 1129.9866666666667,
      "max": 2384.0,
      "min": 880.0,
      "std": 98.37889249675914
    }
  },
  "percentiles": [
    [
      1.0,
      1029.5
    ],
    [
      5.0,
      1040.0
    ],
    [
      10.0,
      1048.0
    ],
    [
      20.0,
      1058.0
    ],
    [
      30.0,
      1080.5
    ],
    [
      40.0,
      1135.0
    ],
    [
      50.0,
      1143.0
    ],
    [
      60.0,
      1150.0
    ],
    [
      70.0,
      1156.0
    ],
    [
      80.0,
      1162.0
    ],
    [
      90.0,
      1171.0
    ],
    [
      95.0,
      1181.0
    ],
    [
      99.0,
      1464.0
    ]
  ]
}