{
  "scale": "Micro",
  "total_duration": 1332134.0,
  "total_bytes": 78000,
  "mean_rps": 900.8102788458218,
  "mean": 1110.1116666666667,
  "median": 1016.0,
  "quartile_fst": 998.0,
  "quartile_trd": 1150.5,
  "min": 511.0,
  "max": 3104.0,
  "std": 232.00825931608838,
  "n_ok": 1200,
  "n_errors": 0,
  "stats_by_thread": {
    "0": {
      "total_bytes": 19500,
      "n_ok": 300,
      "n_errors": 0,
      "total_duration": 332150.0,
      "mean": 1107.1666666666667,
      "max": 2571.0,
      "min": 807.0,
      "std": 223.26217522270284
    },
    "1": {
      "total_bytes": 19500,
      "n_ok": 300,
      "n_errors": 0,
      "total_duration": 333109.0,
      "mean": 1110.3633333333332,
      "max": 3032.0,
      "min": 511.0,
      "std": 239.68221293945462
    },
    "3": {
      "total_bytes": 19500,
      "n_ok": 300,
      "n_errors": 0,
      "total_duration": 333452.0,
      "mean": 1111.5066666666667,
      "max": 3104.0,
      "min": 811.0,
      "std": 233.53660908194652
    },
    "2": {
      "total_bytes": 19500,
      "n_ok": 300,
      "n_errors": 0,
      "total_duration": 333423.0,
      "mean": 1111.41,
      "max": 2986.0,
      "min": 826.0,
      "std": 232.3921015501092
    }
  },
  "display_percentiles": [
    [
      1.0,
      976.0
    ],
    [
      5.0,
      986.0
    ],
    [
      10.0,
      990.0
    ],
    [
      20.0,
      995.0
    ],
    [
      30.0,
      1001.0
    ],
    [
      40.0,
      1007.0
    ],
    [
      50.0,
      1016.0
    ],
    [
      60.0,
      1027.0
    ],
    [
      70.0,
      1066.0
    ],
    [
      80.0,
      1237.0
    ],
    [
      90.0,
      1343.5
    ],
    [
      95.0,
      1437.5
    ],
    [
      99.0,
      2039.0
    ]
  ],
  "qq_percentiles": [
    [
      0.8333333333333334,
      973.0
    ],
    [
      1.6666666666666667,
      979.0
    ],
    [
      2.5,
      982.0
    ],
    [
      3.3333333333333335,
      983.0
    ],
    [
      4.166666666666667,
      985.0
    ],
    [
      5.0,
      986.0
    ],
    [
      5.833333333333333,
      987.0
    ],
    [
      6.666666666666667,
      987.5
    ],
    [
      7.5,
      988.5
    ],
    [
      8.333333333333334,
      989.0
    ],
    [
      9.166666666666666,
      990.0
    ],
    [
      10.0,
      990.0
    ],
    [
      10.833333333333334,
      990.0
    ],
    [
      11.666666666666666,
      990.5
    ],
    [
      12.5,
      991.0
    ],
    [
      13.333333333333334,
      991.0
    ],
    [
      14.166666666666666,
      992.0
    ],
    [
      15.0,
      992.0
    ],
    [
      15.833333333333334,
      993.0
    ],
    [
      16.666666666666668,
      993.5
    ],
    [
      17.5,
      994.0
    ],
    [
      18.333333333333332,
      995.0
    ],
    [
      19.166666666666668,
      995.0
    ],
    [
      20.0,
      995.0
    ],
    [
      20.833333333333332,
      996.0
    ],
    [
      21.666666666666668,
      996.0
    ],
    [
      22.5,
      997.0
    ],
    [
      23.333333333333332,
      997.0
    ],
    [
      24.166666666666668,
      997.0
    ],
    [
      25.0,
      998.0
    ],
    [
      25.833333333333332,
      998.0
    ],
    [
      26.666666666666668,
      999.0
    ],
    [
      27.5,
      999.0
    ],
    [
      28.333333333333332,
      1000.0
    ],
    [
      29.166666666666668,
      1000.0
    ],
    [
      30.0,
      1001.0
    ],
    [
      30.833333333333332,
      1001.0
    ],
    [
      31.666666666666668,
      1002.0
    ],
    [
      32.5,
      1002.0
    ],
    [
      33.333333333333336,
      1003.0
    ],
    [
      34.166666666666664,
      1003.0
    ],
    [
      35.0,
      1004.0
    ],
    [
      35.833333333333336,
      1004.0
    ],
    [
      36.666666666666664,
      1005.0
    ],
    [
      37.5,
      1005.0
    ],
    [
      38.333333333333336,
      1006.0
    ],
    [
      39.166666666666664,
      1007.0
    ],
    [
      40.0,
      1007.0
    ],
    [
      40.833333333333336,
      1008.0
    ],
    [
      41.666666666666664,
      1008.0
    ],
    [
      42.5,
      1009.0
    ],
    [
      43.333333333333336,
      1010.0
    ],
    [
      44.166666666666664,
      1010.5
    ],
    [
      45.0,
      1011.0
    ],
    [
      45.833333333333336,
      1012.0
    ],
    [
      46.666666666666664,
      1013.5
    ],
    [
      47.5,
      1014.0
    ],
    [
      48.333333333333336,
      1015.0
    ],
    [
      49.166666666666664,
      1016.0
    ],
    [
      50.0,
      1016.0
    ],
    [
      50.833333333333336,
      1017.0
    ],
    [
      51.666666666666664,
      1018.0
    ],
    [
      52.5,
      1019.0
    ],
    [
      53.333333333333336,
      1019.0
    ],
    [
      54.166666666666664,
      1020.0
    ],
    [
      55.0,
      1021.0
    ],
    [
      55.833333333333336,
      1022.0
    ],
    [
      56.666666666666664,
      1022.0
    ],
    [
      57.5,
      1023.0
    ],
    [
      58.333333333333336,
      1024.0
    ],
    [
      59.166666666666664,
      1025.0
    ],
    [
      60.0,
      1027.0
    ],
    [
      60.833333333333336,
      1028.0
    ],
    [
      61.666666666666664,
      1029.0
    ],
    [
      62.5,
      1030.5
    ],
    [
      63.333333333333336,
      1034.0
    ],
    [
      64.16666666666667,
      1038.0
    ],
    [
      65.0,
      1040.0
    ],
    [
      65.83333333333333,
      1043.0
    ],
    [
      66.66666666666667,
      1045.0
    ],
    [
      67.5,
      1049.0
    ],
    [
      68.33333333333333,
      1053.0
    ],
    [
      69.16666666666667,
      1058.0
    ],
    [
      70.0,
      1066.0
    ],
    [
      70.83333333333333,
      1070.5
    ],
    [
      71.66666666666667,
      1091.5
    ],
    [
      72.5,
      1109.5
    ],
    [
      73.33333333333333,
      1134.0
    ],
    [
      74.16666666666667,
      1146.0
    ],
    [
      75.0,
      1150.5
    ],
    [
      75.83333333333333,
      1155.5
    ],
    [
      76.66666666666667,
      1165.0
    ],
    [
      77.5,
      1185.5
    ],
    [
      78.33333333333333,
      1217.0
    ],
    [
      79.16666666666667,
      1231.0
    ],
    [
      80.0,
      1237.0
    ],
    [
      80.83333333333333,
      1243.0
    ],
    [
      81.66666666666667,
      1251.0
    ],
    [
      82.5,
      1256.5
    ],
    [
      83.33333333333333,
      1263.0
    ],
    [
      84.16666666666667,
      1275.0
    ],
    [
      85.0,
      1287.0
    ],
    [
      85.83333333333333,
      1300.0
    ],
    [
      86.66666666666667,
      1314.5
    ],
    [
      87.5,
      1326.5
    ],
    [
      88.33333333333333,
      1333.0
    ],
    [
      89.16666666666667,
      1337.0
    ],
    [
      90.0,
      1343.5
    ],
    [
      90.83333333333333,
      1350.5
    ],
    [
      91.66666666666667,
      1355.5
    ],
    [
      92.5,
      1367.0
    ],
    [
      93.33333333333333,
      1379.5
    ],
    [
      94.16666666666667,
      1397.5
    ],
    [
      95.0,
      1437.5
    ],
    [
      95.83333333333333,
      1461.5
    ],
    [
      96.66666666666667,
      1499.0
    ],
    [
      97.5,
      1769.5
    ],
    [
      98.33333333333333,
      1994.5
    ],
    [
      99.16666666666667,
      2161.0
    ]
  ]
}