{
  "scale": "Micro",
  "total_duration": 1289262.0,
  "total_bytes": 78000,
  "mean": 1074.385,
  "median": 1055.0,
  "quartile_fst": 1048.0,
  "quartile_trd": 1064.0,
  "min": 680.0,
  "max": 1546.0,
  "std": 67.61355959914168,
  "n_ok": 1200,
  "n_errors": 0,
  "stats_by_thread": {
    "0": {
      "total_bytes": 19500,
      "n_ok": 300,
      "n_errors": 0,
      "total_duration": 322010.0,
      "mean": 1073.3666666666666,
      "max": 1481.0,
      "min": 680.0,
      "std": 68.30348128430613
    },
    "3": {
      "total_bytes": 19500,
      "n_ok": 300,
      "n_errors": 0,
      "total_duration": 322527.0,
      "mean": 1075.09,
      "max": 1546.0,
      "min": 970.0,
      "std": 68.27255597969068
    },
    "1": {
      "total_bytes": 19500,
      "n_ok": 300,
      "n_errors": 0,
      "total_duration": 322182.0,
      "mean": 1073.94,
      "max": 1424.0,
      "min": 841.0,
      "std": 64.73744202546153
    },
    "2": {
      "total_bytes": 19500,
      "n_ok": 300,
      "n_errors": 0,
      "total_duration": 322543.0,
      "mean": 1075.1433333333334,
      "max": 1545.0,
      "min": 981.0,
      "std": 69.04073282410097
    }
  },
  "percentiles": [
    [
      1.0,
      1034.5
    ],
    [
      5.0,
      1041.0
    ],
    [
      10.0,
      1044.0
    ],
    [
      20.0,
      1047.0
    ],
    [
      30.0,
      1050.0
    ],
    [
      40.0,
      1052.0
    ],
    [
      50.0,
      1055.0
    ],
    [
      60.0,
      1058.0
    ],
    [
      70.0,
      1062.0
    ],
    [
      80.0,
      1067.0
    ],
    [
      90.0,
      1102.0
    ],
    [
      95.0,
      1233.0
    ],
    [
      99.0,
      1371.5
    ]
  ]
}