{
  "scale": "Micro",
  "total_duration": 4307613.0,
  "total_bytes": 78000,
  "mean": 3589.6775,
  "median": 3578.0,
  "quartile_fst": 3457.5,
  "quartile_trd": 3711.0,
  "min": 1083.0,
  "max": 13161.0,
  "std": 409.4886630426009,
  "n_ok": 1200,
  "n_errors": 0,
  "stats_by_thread": {
    "2": {
      "total_bytes": 19500,
      "n_ok": 300,
      "n_errors": 0,
      "total_duration": 1080971.0,
      "mean": 3603.2366666666667,
      "max": 13161.0,
      "min": 1083.0,
      "std": 664.4428548206552
    },
    "0": {
      "total_bytes": 19500,
      "n_ok": 300,
      "n_errors": 0,
      "total_duration": 1073668.0,
      "mean": 3578.8933333333334,
      "max": 4650.0,
      "min": 1864.0,
      "std": 249.10980568594422
    },
    "1": {
      "total_bytes": 19500,
      "n_ok": 300,
      "n_errors": 0,
      "total_duration": 1076044.0,
      "mean": 3586.8133333333335,
      "max": 5973.0,
      "min": 2607.0,
      "std": 266.81181599688495
    },
    "3": {
      "total_bytes": 19500,
      "n_ok": 300,
      "n_errors": 0,
      "total_duration": 1076930.0,
      "mean": 3589.766666666667,
      "max": 6506.0,
      "min": 2478.0,
      "std": 309.3330765085142
    }
  },
  "percentiles": [
    [
      1.0,
      2719.5
    ],
    [
      5.0,
      3201.5
    ],
    [
      10.0,
      3313.5
    ],
    [
      20.0,
      3418.5
    ],
    [
      30.0,
      3483.0
    ],
    [
      40.0,
      3534.5
    ],
    [
      50.0,
      3578.0
    ],
    [
      60.0,
      3625.5
    ],
    [
      70.0,
      3685.5
    ],
    [
      80.0,
      3747.0
    ],
    [
      90.0,
      3839.5
    ],
    [
      95.0,
      3984.5
    ],
    [
      99.0,
      4335.5
    ]
  ]
}