{
  "scale": "Micro",
  "total_duration": 1327088.0,
  "total_bytes": 78000,
  "mean": 1105.9066666666668,
  "median": 1072.0,
  "quartile_fst": 1023.0,
  "quartile_trd": 1118.0,
  "min": 673.0,
  "max": 5043.0,
  "std": 264.3540375516588,
  "n_ok": 1200,
  "n_errors": 0,
  "stats_by_thread": {
    "2": {
      "total_bytes": 19500,
      "n_ok": 300,
      "n_errors": 0,
      "total_duration": 332079.0,
      "mean": 1106.93,
      "max": 4794.0,
      "min": 984.0,
      "std": 254.93357735472244
    },
    "0": {
      "total_bytes": 19500,
      "n_ok": 300,
      "n_errors": 0,
      "total_duration": 331714.0,
      "mean": 1105.7133333333334,
      "max": 5043.0,
      "min": 673.0,
      "std": 282.5269001705066
    },
    "1": {
      "total_bytes": 19500,
      "n_ok": 300,
      "n_errors": 0,
      "total_duration": 332092.0,
      "mean": 1106.9733333333334,
      "max": 4761.0,
      "min": 979.0,
      "std": 253.51309417585838
    },
    "3": {
      "total_bytes": 19500,
      "n_ok": 300,
      "n_errors": 0,
      "total_duration": 331203.0,
      "mean": 1104.01,
      "max": 4904.0,
      "min": 994.0,
      "std": 266.73224439626506
    }
  },
  "percentiles": [
    [
      5.0,
      1004.0
    ],
    [
      10.0,
      1008.0
    ],
    [
      15.0,
      1012.0
    ],
    [
      20.0,
      1017.0
    ],
    [
      25.0,
      1023.0
    ],
    [
      30.0,
      1042.0
    ],
    [
      35.0,
      1050.0
    ],
    [
      40.0,
      1055.0
    ],
    [
      45.0,
      1060.0
    ],
    [
      50.0,
      1072.0
    ],
    [
      55.0,
      1083.0
    ],
    [
      60.0,
      1099.0
    ],
    [
      65.0,
      1108.0
    ],
    [
      70.0,
      1113.0
    ],
    [
      75.0,
      1118.0
    ],
    [
      80.0,
      1125.0
    ],
    [
      85.0,
      1133.5
    ],
    [
      90.0,
      1157.0
    ],
    [
      95.0,
      1228.5
    ]
  ]
}